-- phpMyAdmin SQL Dump
-- version 5.1.0
-- https://www.phpmyadmin.net/
--
-- Host: 127.0.0.1
-- Generation Time: Feb 19, 2022 at 01:34 PM
-- Server version: 10.4.19-MariaDB
-- PHP Version: 8.0.6

SET SQL_MODE = "NO_AUTO_VALUE_ON_ZERO";
START TRANSACTION;
SET time_zone = "+00:00";


/*!40101 SET @OLD_CHARACTER_SET_CLIENT=@@CHARACTER_SET_CLIENT */;
/*!40101 SET @OLD_CHARACTER_SET_RESULTS=@@CHARACTER_SET_RESULTS */;
/*!40101 SET @OLD_COLLATION_CONNECTION=@@COLLATION_CONNECTION */;
/*!40101 SET NAMES utf8mb4 */;

--
-- Database: `ecom1`
--

-- --------------------------------------------------------

--
-- Table structure for table `admin`
--

CREATE TABLE `admin` (
  `id` int(11) NOT NULL,
  `first_name` varchar(255) NOT NULL,
  `last_name` varchar(255) NOT NULL,
  `username` varchar(255) NOT NULL,
  `password` varchar(255) NOT NULL,
  `status` enum('1','0') NOT NULL DEFAULT '1',
  `last_login` datetime NOT NULL
) ENGINE=InnoDB DEFAULT CHARSET=utf8;

--
-- Dumping data for table `admin`
--

INSERT INTO `admin` (`id`, `first_name`, `last_name`, `username`, `password`, `status`, `last_login`) VALUES
(1, 'admin', 'nkcomservice', 'kaifaro', '123456', '1', '2021-10-03 17:01:14');

-- --------------------------------------------------------

--
-- Table structure for table `order_detail`
--

CREATE TABLE `order_detail` (
  `d_id` int(10) NOT NULL,
  `o_id` int(11) NOT NULL,
  `p_id` int(11) NOT NULL,
  `d_qty` int(11) NOT NULL,
  `d_subtotal` float NOT NULL
) ENGINE=MyISAM DEFAULT CHARSET=utf8 COLLATE=utf8_unicode_ci;

--
-- Dumping data for table `order_detail`
--

INSERT INTO `order_detail` (`d_id`, `o_id`, `p_id`, `d_qty`, `d_subtotal`) VALUES
(1, 1, 7, 1, 3999),
(2, 2, 6, 1, 199),
(3, 2, 4, 1, 71),
(4, 3, 7, 1, 3999),
(5, 4, 5, 1, 1990),
(6, 5, 6, 1, 199),
(7, 6, 6, 1, 199),
(8, 7, 7, 1, 3999),
(9, 8, 6, 1, 199),
(10, 9, 5, 1, 1990),
(11, 9, 2, 1, 400),
(12, 10, 5, 1, 1990);

-- --------------------------------------------------------

--
-- Table structure for table `order_head`
--

CREATE TABLE `order_head` (
  `o_id` int(10) NOT NULL,
  `m_id` int(11) NOT NULL,
  `o_dttm` datetime NOT NULL,
  `o_name` varchar(100) COLLATE utf8_unicode_ci NOT NULL,
  `o_addr` varchar(500) COLLATE utf8_unicode_ci NOT NULL,
  `o_email` varchar(100) COLLATE utf8_unicode_ci NOT NULL,
  `o_phone` varchar(20) COLLATE utf8_unicode_ci NOT NULL,
  `o_total` float NOT NULL,
  `o_status` int(11) NOT NULL COMMENT '1= รอชำระเงิน\r\n2= ชำระเงินแล้ว\r\n3= ตรวจสอบเลข EMS\r\n4= ยกเลิก',
  `bid` int(2) NOT NULL DEFAULT 0 COMMENT 'ไอดีแบงค์',
  `o_slip` varchar(255) COLLATE utf8_unicode_ci DEFAULT NULL,
  `o_slip_date` datetime NOT NULL,
  `o_slip_total` float(10,2) NOT NULL DEFAULT 0.00,
  `o_ems` varchar(255) COLLATE utf8_unicode_ci DEFAULT NULL,
  `o_ems_date` datetime NOT NULL
) ENGINE=MyISAM DEFAULT CHARSET=utf8 COLLATE=utf8_unicode_ci;

--
-- Dumping data for table `order_head`
--

INSERT INTO `order_head` (`o_id`, `m_id`, `o_dttm`, `o_name`, `o_addr`, `o_email`, `o_phone`, `o_total`, `o_status`, `bid`, `o_slip`, `o_slip_date`, `o_slip_total`, `o_ems`, `o_ems_date`) VALUES
(1, 7, '2022-02-16 20:41:27', 'ชินกฤต สำราญจิตร์', '637/1', 'aa3@jjj.com', '0819857785', 3999, 3, 1, 'slip_16478287920220216_204219.jpg', '2022-02-16 20:41:00', 3999.00, 'th123456789', '2022-02-18 15:12:03'),
(2, 7, '2022-02-16 20:42:51', 'ชินกฤต สำราญจิตร์', '637/1', 'aa3@jjj.com', '0819857785', 270, 2, 5, 'slip_171936434920220216_213712.jpg', '2022-02-16 21:37:00', 270.00, '', '0000-00-00 00:00:00'),
(3, 7, '2022-02-15 21:38:26', 'ชินกฤต สำราญจิตร์', '637/1', 'aa3@jjj.com', '0819857785', 3999, 2, 5, 'slip_164437638020220216_214132.jpg', '2022-02-16 21:38:00', 3999.00, '', '0000-00-00 00:00:00'),
(4, 7, '2022-02-16 21:42:24', 'ชินกฤต สำราญจิตร์', '637/1', 'aa3@jjj.com', '0819857785', 1990, 3, 2, 'slip_6236578020220216_214242.jpg', '2022-02-16 21:42:00', 1990.00, 'TH 123456789', '2022-02-18 15:15:03'),
(5, 7, '2022-02-16 21:46:00', 'ชินกฤต สำราญจิตร์', '637/1', 'aa3@jjj.com', '0819857785', 199, 3, 1, 'slip_149366001720220216_214801.jpg', '2022-02-16 21:46:00', 199.00, 'th 123456789', '2022-02-18 15:14:03'),
(7, 7, '2022-02-10 18:22:03', 'ชินกฤต สำราญจิตร์', '637/1', 'aa3@jjj.com', '0819857785', 3999, 4, 0, '', '0000-00-00 00:00:00', 0.00, '', '0000-00-00 00:00:00'),
(8, 7, '2022-02-10 18:23:59', 'ชินกฤต สำราญจิตร์', '637/1', 'aa3@jjj.com', '0819857785', 199, 1, 0, '', '0000-00-00 00:00:00', 0.00, '', '0000-00-00 00:00:00'),
(9, 7, '2022-02-10 22:18:30', 'ชินกฤต สำราญจิตร์', '637/1', 'aa3@jjj.com', '0819857785', 2390, 4, 0, '', '0000-00-00 00:00:00', 0.00, '', '0000-00-00 00:00:00'),
(10, 9, '2022-02-10 16:44:15', 'ชินกฤต สำราญจิตร์', 'ggggg', 'aa3@g.gggggg', '0819857785', 1990, 4, 0, '', '0000-00-00 00:00:00', 0.00, '', '0000-00-00 00:00:00');

-- --------------------------------------------------------

--
-- Table structure for table `tbl_bank`
--

CREATE TABLE `tbl_bank` (
  `bid` int(11) NOT NULL,
  `b_img` varchar(50) NOT NULL,
  `bname` varchar(255) NOT NULL COMMENT 'ชื่อธนาคาร',
  `bnumber` varchar(255) NOT NULL COMMENT 'เลขบัญชี',
  `bowner` varchar(255) NOT NULL COMMENT 'ชื่อเจ้าของบัญชี'
) ENGINE=InnoDB DEFAULT CHARSET=utf8;

--
-- Dumping data for table `tbl_bank`
--

INSERT INTO `tbl_bank` (`bid`, `b_img`, `bname`, `bnumber`, `bowner`) VALUES
(1, '76855858520220217_170850.jpg', 'กรุงไทย', '987-654-321', 'สมหมาย ใจดี'),
(2, '16731675820220215_223102.jpg', 'กสิกร', '987-654-321', 'สมหมาย ใจดี'),
(3, '34902934320220215_223133.jpeg', 'ไทยพาณิชย์', '042-122-1444', 'สมหมาย ใจดี'),
(5, '173345572620220215_224225.jpg', 'ออมสิน', '191-1122-1156', 'สมหมาย ใจดี');

-- --------------------------------------------------------

--
-- Table structure for table `tbl_comment`
--

CREATE TABLE `tbl_comment` (
  `c_id` int(11) NOT NULL,
  `ref_p_id` int(11) NOT NULL,
  `c_detail` text NOT NULL,
  `c_status` int(1) NOT NULL DEFAULT 0,
  `c_date` timestamp NOT NULL DEFAULT current_timestamp()
) ENGINE=InnoDB DEFAULT CHARSET=utf8 COMMENT='เก็บข้อมูลแสดงความคิดเห็นต่อสินค้า';

--
-- Dumping data for table `tbl_comment`
--

INSERT INTO `tbl_comment` (`c_id`, `ref_p_id`, `c_detail`, `c_status`, `c_date`) VALUES
(1, 18, 'hhhhhhhhhhhhhhhhhh', 0, '2022-02-10 14:10:17'),
(2, 19, 'lllllllllllllllllllllll', 0, '2022-02-10 14:10:25'),
(3, 17, 'rrrrrrrrrrrrrrrrrrrrrrr', 0, '2022-02-10 14:10:34'),
(4, 15, '44444444444444', 0, '2022-02-10 14:10:42'),
(5, 11, 'rrrrrrrrrrrrrrrrrrr', 0, '2022-02-10 14:10:52');

-- --------------------------------------------------------

--
-- Table structure for table `tbl_counter`
--

CREATE TABLE `tbl_counter` (
  `c_id` int(11) NOT NULL,
  `c_ipadr` varchar(50) NOT NULL,
  `c_datesave` timestamp NOT NULL DEFAULT current_timestamp()
) ENGINE=InnoDB DEFAULT CHARSET=utf8;

--
-- Dumping data for table `tbl_counter`
--

INSERT INTO `tbl_counter` (`c_id`, `c_ipadr`, `c_datesave`) VALUES
(1, '127.0.0.1', '2022-02-05 13:14:11'),
(2, '127.0.0.1', '2022-02-07 13:14:13'),
(3, '127.0.0.1', '2022-02-07 13:14:33'),
(4, '127.0.0.1', '2022-01-07 13:14:11'),
(5, '127.0.0.1', '2022-02-07 13:14:13'),
(6, '127.0.0.1', '2022-02-07 13:14:33'),
(7, '127.0.0.1', '2022-01-07 13:14:11'),
(8, '127.0.0.1', '2022-02-07 13:14:13'),
(9, '127.0.0.1', '2022-02-07 13:14:33'),
(10, '127.0.0.1', '2022-02-07 13:14:11'),
(11, '127.0.0.1', '2022-02-07 13:14:13'),
(12, '127.0.0.1', '2022-02-06 13:14:33'),
(13, '127.0.0.1', '2022-02-07 14:29:25'),
(14, '127.0.0.1', '2022-02-04 14:29:27'),
(15, '127.0.0.1', '2022-02-07 15:08:36'),
(16, '127.0.0.1', '2022-02-07 15:08:38'),
(17, '127.0.0.1', '2022-02-07 15:08:42'),
(18, '127.0.0.1', '2022-02-07 15:08:47'),
(19, '127.0.0.1', '2022-02-07 15:09:05'),
(20, '127.0.0.1', '2022-02-07 15:09:15'),
(21, '127.0.0.1', '2022-02-07 15:09:28'),
(22, '127.0.0.1', '2022-02-07 15:09:32'),
(23, '127.0.0.1', '2022-02-07 15:09:45'),
(24, '127.0.0.1', '2022-02-07 15:09:58'),
(25, '127.0.0.1', '2022-02-07 15:10:08'),
(26, '127.0.0.1', '2022-02-07 15:10:12'),
(27, '127.0.0.1', '2022-02-08 14:14:29'),
(28, '127.0.0.1', '2022-02-08 14:19:54'),
(29, '127.0.0.1', '2022-02-08 14:21:22'),
(30, '127.0.0.1', '2022-02-08 14:21:36'),
(31, '127.0.0.1', '2022-02-08 14:22:57'),
(32, '127.0.0.1', '2022-02-08 14:29:57'),
(33, '127.0.0.1', '2022-02-08 14:30:38'),
(34, '127.0.0.1', '2022-02-08 14:30:55'),
(35, '127.0.0.1', '2022-02-08 14:31:20'),
(36, '127.0.0.1', '2022-02-08 14:31:21'),
(37, '127.0.0.1', '2022-02-08 14:32:13'),
(38, '127.0.0.1', '2022-02-08 14:42:42'),
(39, '127.0.0.1', '2022-02-08 14:42:51'),
(40, '127.0.0.1', '2022-02-08 14:42:56'),
(41, '127.0.0.1', '2022-02-08 14:43:00'),
(42, '127.0.0.1', '2022-02-08 15:00:12'),
(43, '127.0.0.1', '2022-02-08 15:00:14'),
(44, '127.0.0.1', '2022-02-08 15:38:49'),
(45, '127.0.0.1', '2022-02-08 15:38:51'),
(46, '127.0.0.1', '2022-02-08 15:39:17'),
(47, '127.0.0.1', '2022-02-08 15:39:18'),
(48, '127.0.0.1', '2022-02-08 15:39:19'),
(49, '127.0.0.1', '2022-02-08 15:39:30'),
(50, '127.0.0.1', '2022-02-08 15:39:32'),
(51, '127.0.0.1', '2022-02-08 15:39:33'),
(52, '127.0.0.1', '2022-02-08 15:44:48'),
(53, '127.0.0.1', '2022-02-08 15:44:49'),
(54, '127.0.0.1', '2022-02-08 15:44:54'),
(55, '127.0.0.1', '2022-02-08 15:44:58'),
(56, '127.0.0.1', '2022-02-08 15:45:48'),
(57, '127.0.0.1', '2022-02-08 15:46:20'),
(58, '127.0.0.1', '2022-02-08 15:46:23'),
(59, '127.0.0.1', '2022-02-08 15:46:25'),
(60, '127.0.0.1', '2022-02-08 15:46:27'),
(61, '127.0.0.1', '2022-02-08 15:46:53'),
(62, '127.0.0.1', '2022-02-08 15:46:58'),
(63, '127.0.0.1', '2022-02-08 15:47:01'),
(64, '127.0.0.1', '2022-02-08 15:48:39'),
(65, '127.0.0.1', '2022-02-08 15:48:40'),
(66, '127.0.0.1', '2022-02-08 15:48:42'),
(67, '127.0.0.1', '2022-02-08 15:48:58'),
(68, '127.0.0.1', '2022-02-08 15:49:27'),
(69, '127.0.0.1', '2022-02-08 15:49:29'),
(70, '127.0.0.1', '2022-02-08 15:49:49'),
(71, '127.0.0.1', '2022-02-08 15:49:50'),
(72, '127.0.0.1', '2022-02-08 15:49:53'),
(73, '127.0.0.1', '2022-02-08 15:50:12'),
(74, '127.0.0.1', '2022-02-08 15:50:13'),
(75, '127.0.0.1', '2022-02-08 15:50:13'),
(76, '127.0.0.1', '2022-02-08 15:50:13'),
(77, '127.0.0.1', '2022-02-08 15:50:14'),
(78, '127.0.0.1', '2022-02-08 15:50:14'),
(79, '127.0.0.1', '2022-02-08 15:50:14'),
(80, '127.0.0.1', '2022-02-08 15:50:14'),
(81, '127.0.0.1', '2022-02-08 15:50:14'),
(82, '127.0.0.1', '2022-02-08 15:50:15'),
(83, '127.0.0.1', '2022-02-08 15:50:15'),
(84, '127.0.0.1', '2022-02-08 15:50:18'),
(85, '127.0.0.1', '2022-02-08 15:50:41'),
(86, '127.0.0.1', '2022-02-08 15:50:42'),
(87, '127.0.0.1', '2022-02-08 15:50:42'),
(88, '127.0.0.1', '2022-02-08 15:50:43'),
(89, '127.0.0.1', '2022-02-08 15:51:16'),
(90, '127.0.0.1', '2022-02-08 15:51:18'),
(91, '127.0.0.1', '2022-02-08 15:51:22'),
(92, '127.0.0.1', '2022-02-08 15:51:40'),
(93, '127.0.0.1', '2022-02-08 15:52:32'),
(94, '127.0.0.1', '2022-02-08 15:52:58'),
(95, '127.0.0.1', '2022-02-08 15:53:25'),
(96, '127.0.0.1', '2022-02-08 15:53:49'),
(97, '127.0.0.1', '2022-02-08 15:54:12'),
(98, '127.0.0.1', '2022-02-08 15:54:51'),
(99, '127.0.0.1', '2022-02-08 15:56:04'),
(100, '127.0.0.1', '2022-02-08 15:56:59'),
(101, '127.0.0.1', '2022-02-08 15:57:08'),
(102, '127.0.0.1', '2022-02-08 15:57:28'),
(103, '127.0.0.1', '2022-02-08 15:57:51'),
(104, '127.0.0.1', '2022-02-08 15:57:56'),
(105, '127.0.0.1', '2022-02-08 15:59:04'),
(106, '127.0.0.1', '2022-02-08 15:59:07'),
(107, '127.0.0.1', '2022-02-08 16:29:01'),
(108, '127.0.0.1', '2022-02-08 16:29:03'),
(109, '127.0.0.1', '2022-02-08 16:30:21'),
(110, '127.0.0.1', '2022-02-08 16:31:07'),
(111, '127.0.0.1', '2022-02-08 16:31:08'),
(112, '127.0.0.1', '2022-02-08 16:35:14'),
(113, '127.0.0.1', '2022-02-08 16:35:15'),
(114, '127.0.0.1', '2022-02-08 16:35:16'),
(115, '127.0.0.1', '2022-02-08 16:35:16'),
(116, '127.0.0.1', '2022-02-08 16:35:16'),
(117, '127.0.0.1', '2022-02-08 16:35:17'),
(118, '127.0.0.1', '2022-02-08 16:35:17'),
(119, '127.0.0.1', '2022-02-08 16:35:17'),
(120, '127.0.0.1', '2022-02-08 16:35:33'),
(121, '127.0.0.1', '2022-02-08 16:35:34'),
(122, '127.0.0.1', '2022-02-08 16:35:34'),
(123, '127.0.0.1', '2022-02-08 16:35:34'),
(124, '127.0.0.1', '2022-02-08 16:35:34'),
(125, '127.0.0.1', '2022-02-08 16:35:34'),
(126, '127.0.0.1', '2022-02-08 16:35:34'),
(127, '127.0.0.1', '2022-02-08 16:35:57'),
(128, '127.0.0.1', '2022-02-08 16:35:58'),
(129, '127.0.0.1', '2022-02-08 16:35:58'),
(130, '127.0.0.1', '2022-02-08 16:35:59'),
(131, '127.0.0.1', '2022-02-08 16:36:00'),
(132, '127.0.0.1', '2022-02-08 16:36:02'),
(133, '127.0.0.1', '2022-02-08 16:36:02'),
(134, '127.0.0.1', '2022-02-08 16:36:03'),
(135, '127.0.0.1', '2022-02-08 16:36:03'),
(136, '127.0.0.1', '2022-02-08 16:36:03'),
(137, '127.0.0.1', '2022-02-08 16:36:03'),
(138, '127.0.0.1', '2022-02-08 16:36:03'),
(139, '127.0.0.1', '2022-02-08 16:36:03'),
(140, '127.0.0.1', '2022-02-08 16:36:04'),
(141, '127.0.0.1', '2022-02-08 16:36:04'),
(142, '127.0.0.1', '2022-02-08 16:36:04'),
(143, '127.0.0.1', '2022-02-08 16:36:10'),
(144, '127.0.0.1', '2022-02-08 16:36:15'),
(145, '127.0.0.1', '2022-02-08 16:36:17'),
(146, '127.0.0.1', '2022-02-08 16:36:18'),
(147, '127.0.0.1', '2022-02-08 16:36:37'),
(148, '127.0.0.1', '2022-02-08 16:37:15'),
(149, '127.0.0.1', '2022-02-08 16:37:16'),
(150, '127.0.0.1', '2022-02-08 16:37:17'),
(151, '127.0.0.1', '2022-02-08 16:37:17'),
(152, '127.0.0.1', '2022-02-08 16:37:17'),
(153, '127.0.0.1', '2022-02-08 16:37:27'),
(154, '127.0.0.1', '2022-02-08 16:38:00'),
(155, '127.0.0.1', '2022-02-08 16:38:13'),
(156, '127.0.0.1', '2022-02-08 16:38:48'),
(157, '127.0.0.1', '2022-02-08 16:38:50'),
(158, '127.0.0.1', '2022-02-08 16:38:51'),
(159, '127.0.0.1', '2022-02-08 16:38:55'),
(160, '127.0.0.1', '2022-02-08 16:39:19'),
(161, '127.0.0.1', '2022-02-08 16:39:22'),
(162, '127.0.0.1', '2022-02-08 16:39:41'),
(163, '127.0.0.1', '2022-02-08 16:40:12'),
(164, '127.0.0.1', '2022-02-08 16:40:31'),
(165, '127.0.0.1', '2022-02-08 16:40:32'),
(166, '127.0.0.1', '2022-02-08 16:40:32'),
(167, '127.0.0.1', '2022-02-08 16:40:32'),
(168, '127.0.0.1', '2022-02-08 16:40:32'),
(169, '127.0.0.1', '2022-02-08 16:40:39'),
(170, '127.0.0.1', '2022-02-08 16:40:40'),
(171, '127.0.0.1', '2022-02-08 16:40:40'),
(172, '127.0.0.1', '2022-02-08 16:40:40'),
(173, '127.0.0.1', '2022-02-08 16:40:41'),
(174, '127.0.0.1', '2022-02-08 16:40:42'),
(175, '127.0.0.1', '2022-02-08 16:40:43'),
(176, '127.0.0.1', '2022-02-08 16:40:52'),
(177, '127.0.0.1', '2022-02-08 16:40:52'),
(178, '127.0.0.1', '2022-02-08 16:40:54'),
(179, '127.0.0.1', '2022-02-08 16:41:05'),
(180, '127.0.0.1', '2022-02-08 16:41:06'),
(181, '127.0.0.1', '2022-02-08 16:42:50'),
(182, '127.0.0.1', '2022-02-08 16:42:52'),
(183, '127.0.0.1', '2022-02-08 16:43:14'),
(184, '127.0.0.1', '2022-02-08 16:43:15'),
(185, '127.0.0.1', '2022-02-08 16:43:31'),
(186, '127.0.0.1', '2022-02-08 16:45:18'),
(187, '127.0.0.1', '2022-02-08 16:45:19'),
(188, '127.0.0.1', '2022-02-08 16:45:20'),
(189, '127.0.0.1', '2022-02-08 16:45:20'),
(190, '127.0.0.1', '2022-02-08 16:45:21'),
(191, '127.0.0.1', '2022-02-08 16:45:21'),
(192, '127.0.0.1', '2022-02-08 16:45:21'),
(193, '127.0.0.1', '2022-02-08 16:45:22'),
(194, '127.0.0.1', '2022-02-08 16:45:24'),
(195, '127.0.0.1', '2022-02-08 16:46:04'),
(196, '127.0.0.1', '2022-02-08 16:46:07'),
(197, '127.0.0.1', '2022-02-08 16:46:09'),
(198, '127.0.0.1', '2022-02-08 16:46:55'),
(199, '127.0.0.1', '2022-02-08 16:47:13'),
(200, '127.0.0.1', '2022-02-08 16:47:31'),
(201, '127.0.0.1', '2022-02-08 16:47:58'),
(202, '127.0.0.1', '2022-02-08 16:48:56'),
(203, '127.0.0.1', '2022-02-08 16:49:27'),
(204, '127.0.0.1', '2022-02-08 16:50:14'),
(205, '127.0.0.1', '2022-02-08 16:51:21'),
(206, '127.0.0.1', '2022-02-08 16:52:06'),
(207, '127.0.0.1', '2022-02-08 16:52:49'),
(208, '127.0.0.1', '2022-02-08 16:53:10'),
(209, '127.0.0.1', '2022-02-08 16:54:18'),
(210, '127.0.0.1', '2022-02-08 16:54:23'),
(211, '127.0.0.1', '2022-02-08 16:54:29'),
(212, '127.0.0.1', '2022-02-08 16:54:31'),
(213, '127.0.0.1', '2022-02-08 16:54:34'),
(214, '127.0.0.1', '2022-02-10 13:27:22'),
(215, '127.0.0.1', '2022-02-10 13:27:28'),
(216, '127.0.0.1', '2022-02-10 13:27:30'),
(217, '127.0.0.1', '2022-02-10 13:27:35'),
(218, '127.0.0.1', '2022-02-10 13:34:27'),
(219, '127.0.0.1', '2022-02-10 13:37:21'),
(220, '127.0.0.1', '2022-02-10 13:37:23'),
(221, '127.0.0.1', '2022-02-10 13:41:14'),
(222, '127.0.0.1', '2022-02-10 13:41:24'),
(223, '127.0.0.1', '2022-02-10 13:41:33'),
(224, '127.0.0.1', '2022-02-10 13:42:00'),
(225, '127.0.0.1', '2022-02-10 13:42:36'),
(226, '127.0.0.1', '2022-02-10 13:42:40'),
(227, '127.0.0.1', '2022-02-10 13:42:43'),
(228, '127.0.0.1', '2022-02-10 14:10:06'),
(229, '127.0.0.1', '2022-02-10 14:10:09'),
(230, '127.0.0.1', '2022-02-10 14:10:12'),
(231, '127.0.0.1', '2022-02-10 14:10:17'),
(232, '127.0.0.1', '2022-02-10 14:10:19'),
(233, '127.0.0.1', '2022-02-10 14:10:21'),
(234, '127.0.0.1', '2022-02-10 14:10:25'),
(235, '127.0.0.1', '2022-02-10 14:10:27'),
(236, '127.0.0.1', '2022-02-10 14:10:30'),
(237, '127.0.0.1', '2022-02-10 14:10:34'),
(238, '127.0.0.1', '2022-02-10 14:10:36'),
(239, '127.0.0.1', '2022-02-10 14:10:38'),
(240, '127.0.0.1', '2022-02-10 14:10:42'),
(241, '127.0.0.1', '2022-02-10 14:10:44'),
(242, '127.0.0.1', '2022-02-10 14:10:47'),
(243, '127.0.0.1', '2022-02-10 14:10:52'),
(244, '127.0.0.1', '2022-02-10 14:15:56'),
(245, '127.0.0.1', '2022-02-10 14:15:58'),
(246, '127.0.0.1', '2022-02-11 02:53:25'),
(247, '127.0.0.1', '2022-02-11 02:54:24'),
(248, '127.0.0.1', '2022-02-11 02:54:27'),
(249, '127.0.0.1', '2022-02-11 02:55:31'),
(250, '127.0.0.1', '2022-02-11 02:58:53'),
(251, '127.0.0.1', '2022-02-11 02:59:59'),
(252, '127.0.0.1', '2022-02-11 03:01:08'),
(253, '127.0.0.1', '2022-02-11 03:01:40'),
(254, '127.0.0.1', '2022-02-11 03:02:46'),
(255, '127.0.0.1', '2022-02-11 03:03:43'),
(256, '127.0.0.1', '2022-02-11 03:06:25'),
(257, '127.0.0.1', '2022-02-11 03:07:10'),
(258, '127.0.0.1', '2022-02-11 03:10:39'),
(259, '127.0.0.1', '2022-02-11 03:12:25'),
(260, '127.0.0.1', '2022-02-11 03:13:45'),
(261, '127.0.0.1', '2022-02-11 03:13:50'),
(262, '127.0.0.1', '2022-02-11 03:14:14'),
(263, '127.0.0.1', '2022-02-11 03:15:32'),
(264, '127.0.0.1', '2022-02-11 03:16:44'),
(265, '127.0.0.1', '2022-02-11 03:18:23'),
(266, '127.0.0.1', '2022-02-11 03:20:16'),
(267, '127.0.0.1', '2022-02-11 03:20:30'),
(268, '127.0.0.1', '2022-02-11 03:20:42'),
(269, '127.0.0.1', '2022-02-11 03:24:34'),
(270, '127.0.0.1', '2022-02-11 03:24:46'),
(271, '127.0.0.1', '2022-02-11 03:25:49'),
(272, '127.0.0.1', '2022-02-11 03:25:50'),
(273, '127.0.0.1', '2022-02-11 03:26:21'),
(274, '127.0.0.1', '2022-02-11 03:26:23'),
(275, '127.0.0.1', '2022-02-11 03:26:30'),
(276, '127.0.0.1', '2022-02-11 03:26:32'),
(277, '127.0.0.1', '2022-02-11 03:26:52'),
(278, '127.0.0.1', '2022-02-11 03:27:11'),
(279, '127.0.0.1', '2022-02-11 03:27:39'),
(280, '127.0.0.1', '2022-02-11 03:27:40'),
(281, '127.0.0.1', '2022-02-11 03:28:00'),
(282, '127.0.0.1', '2022-02-11 03:29:52'),
(283, '127.0.0.1', '2022-02-11 03:29:54'),
(284, '127.0.0.1', '2022-02-11 03:30:06'),
(285, '127.0.0.1', '2022-02-11 03:30:20'),
(286, '127.0.0.1', '2022-02-11 03:30:21'),
(287, '127.0.0.1', '2022-02-11 03:30:22'),
(288, '127.0.0.1', '2022-02-11 03:30:37'),
(289, '127.0.0.1', '2022-02-11 03:30:38'),
(290, '127.0.0.1', '2022-02-11 03:30:38'),
(291, '127.0.0.1', '2022-02-11 03:31:09'),
(292, '127.0.0.1', '2022-02-11 03:42:47'),
(293, '127.0.0.1', '2022-02-11 03:42:48'),
(294, '127.0.0.1', '2022-02-11 03:43:24'),
(295, '127.0.0.1', '2022-02-11 03:43:43'),
(296, '127.0.0.1', '2022-02-11 03:44:23'),
(297, '127.0.0.1', '2022-02-11 03:45:22'),
(298, '127.0.0.1', '2022-02-11 03:45:59'),
(299, '127.0.0.1', '2022-02-11 03:46:48'),
(300, '127.0.0.1', '2022-02-11 03:47:12'),
(301, '127.0.0.1', '2022-02-11 03:48:04'),
(302, '127.0.0.1', '2022-02-11 03:48:15'),
(303, '127.0.0.1', '2022-02-11 03:48:25'),
(304, '127.0.0.1', '2022-02-11 04:05:26'),
(305, '127.0.0.1', '2022-02-11 04:06:24'),
(306, '127.0.0.1', '2022-02-11 04:06:46'),
(307, '127.0.0.1', '2022-02-11 04:07:27'),
(308, '127.0.0.1', '2022-02-11 04:07:56'),
(309, '127.0.0.1', '2022-02-11 04:08:17'),
(310, '127.0.0.1', '2022-02-11 04:09:24'),
(311, '127.0.0.1', '2022-02-11 04:10:20'),
(312, '127.0.0.1', '2022-02-11 04:55:19'),
(313, '127.0.0.1', '2022-02-11 04:55:29'),
(314, '127.0.0.1', '2022-02-11 06:33:54'),
(315, '127.0.0.1', '2022-02-11 06:33:58'),
(316, '127.0.0.1', '2022-02-11 06:34:09'),
(317, '127.0.0.1', '2022-02-11 06:37:00'),
(318, '127.0.0.1', '2022-02-11 06:37:02'),
(319, '127.0.0.1', '2022-02-11 06:39:40'),
(320, '127.0.0.1', '2022-02-11 06:39:47'),
(321, '127.0.0.1', '2022-02-11 06:42:38'),
(322, '127.0.0.1', '2022-02-11 06:42:44'),
(323, '127.0.0.1', '2022-02-11 06:59:10'),
(324, '127.0.0.1', '2022-02-11 07:00:44'),
(325, '127.0.0.1', '2022-02-11 07:00:48'),
(326, '127.0.0.1', '2022-02-11 07:01:03'),
(327, '127.0.0.1', '2022-02-11 07:01:08'),
(328, '127.0.0.1', '2022-02-11 07:02:07'),
(329, '127.0.0.1', '2022-02-11 07:02:12'),
(330, '127.0.0.1', '2022-02-11 07:02:34'),
(331, '127.0.0.1', '2022-02-11 07:02:37'),
(332, '127.0.0.1', '2022-02-11 07:02:54'),
(333, '127.0.0.1', '2022-02-11 07:02:56'),
(334, '127.0.0.1', '2022-02-11 07:04:08'),
(335, '127.0.0.1', '2022-02-11 07:04:46'),
(336, '127.0.0.1', '2022-02-11 07:05:29'),
(337, '127.0.0.1', '2022-02-11 07:05:29'),
(338, '127.0.0.1', '2022-02-11 07:05:34'),
(339, '127.0.0.1', '2022-02-11 07:06:40'),
(340, '127.0.0.1', '2022-02-11 07:07:49'),
(341, '127.0.0.1', '2022-02-11 07:07:50'),
(342, '127.0.0.1', '2022-02-11 07:08:26'),
(343, '127.0.0.1', '2022-02-11 07:10:09'),
(344, '127.0.0.1', '2022-02-11 07:22:40'),
(345, '127.0.0.1', '2022-02-11 07:28:46'),
(346, '127.0.0.1', '2022-02-11 08:34:39'),
(347, '127.0.0.1', '2022-02-11 08:34:46'),
(348, '127.0.0.1', '2022-02-11 08:34:56'),
(349, '127.0.0.1', '2022-02-11 08:35:01'),
(350, '127.0.0.1', '2022-02-11 08:36:47'),
(351, '127.0.0.1', '2022-02-11 08:37:41'),
(352, '127.0.0.1', '2022-02-11 08:37:52'),
(353, '127.0.0.1', '2022-02-11 08:39:40'),
(354, '127.0.0.1', '2022-02-11 08:39:52'),
(355, '127.0.0.1', '2022-02-11 08:40:22'),
(356, '127.0.0.1', '2022-02-11 08:40:23'),
(357, '127.0.0.1', '2022-02-11 08:40:46'),
(358, '127.0.0.1', '2022-02-11 08:40:59'),
(359, '127.0.0.1', '2022-02-11 08:41:02'),
(360, '127.0.0.1', '2022-02-11 08:41:07'),
(361, '127.0.0.1', '2022-02-11 08:50:37'),
(362, '127.0.0.1', '2022-02-11 08:54:03'),
(363, '127.0.0.1', '2022-02-11 08:55:42'),
(364, '127.0.0.1', '2022-02-11 08:56:12'),
(365, '127.0.0.1', '2022-02-11 08:56:15'),
(366, '127.0.0.1', '2022-02-11 09:10:47'),
(367, '127.0.0.1', '2022-02-11 09:10:55'),
(368, '127.0.0.1', '2022-02-11 09:10:58'),
(369, '127.0.0.1', '2022-02-11 09:11:01'),
(370, '127.0.0.1', '2022-02-11 09:11:05'),
(371, '127.0.0.1', '2022-02-11 09:15:05'),
(372, '127.0.0.1', '2022-02-11 09:15:08'),
(373, '127.0.0.1', '2022-02-11 09:15:10'),
(374, '127.0.0.1', '2022-02-11 09:15:12'),
(375, '127.0.0.1', '2022-02-11 09:15:19'),
(376, '127.0.0.1', '2022-02-11 09:16:51'),
(377, '127.0.0.1', '2022-02-11 09:16:52'),
(378, '127.0.0.1', '2022-02-11 09:16:55'),
(379, '127.0.0.1', '2022-02-11 09:17:13'),
(380, '127.0.0.1', '2022-02-11 09:17:18'),
(381, '127.0.0.1', '2022-02-11 09:52:05'),
(382, '127.0.0.1', '2022-02-11 10:03:52'),
(383, '127.0.0.1', '2022-02-11 10:04:30'),
(384, '127.0.0.1', '2022-02-11 10:04:47'),
(385, '127.0.0.1', '2022-02-11 10:04:55'),
(386, '127.0.0.1', '2022-02-11 10:05:17'),
(387, '127.0.0.1', '2022-02-11 10:07:19'),
(388, '127.0.0.1', '2022-02-11 10:08:50'),
(389, '127.0.0.1', '2022-02-11 10:08:52'),
(390, '127.0.0.1', '2022-02-11 10:10:24'),
(391, '127.0.0.1', '2022-02-11 10:26:00'),
(392, '127.0.0.1', '2022-02-11 10:26:04'),
(393, '127.0.0.1', '2022-02-11 10:26:06'),
(394, '127.0.0.1', '2022-02-11 10:26:09'),
(395, '127.0.0.1', '2022-02-11 10:46:10'),
(396, '127.0.0.1', '2022-02-11 10:46:12'),
(397, '127.0.0.1', '2022-02-11 10:46:51'),
(398, '127.0.0.1', '2022-02-11 10:46:53'),
(399, '127.0.0.1', '2022-02-11 10:46:53'),
(400, '127.0.0.1', '2022-02-11 10:47:05'),
(401, '127.0.0.1', '2022-02-11 10:47:07'),
(402, '127.0.0.1', '2022-02-11 10:47:07'),
(403, '127.0.0.1', '2022-02-11 10:47:07'),
(404, '127.0.0.1', '2022-02-11 10:47:07'),
(405, '127.0.0.1', '2022-02-11 10:47:08'),
(406, '127.0.0.1', '2022-02-11 10:47:08'),
(407, '127.0.0.1', '2022-02-11 10:47:09'),
(408, '127.0.0.1', '2022-02-11 10:47:09'),
(409, '127.0.0.1', '2022-02-11 10:47:09'),
(410, '127.0.0.1', '2022-02-11 10:47:09'),
(411, '127.0.0.1', '2022-02-11 10:47:09'),
(412, '127.0.0.1', '2022-02-11 10:47:12'),
(413, '127.0.0.1', '2022-02-11 10:47:14'),
(414, '127.0.0.1', '2022-02-11 10:47:15'),
(415, '127.0.0.1', '2022-02-11 10:47:15'),
(416, '127.0.0.1', '2022-02-11 10:47:15'),
(417, '127.0.0.1', '2022-02-11 10:47:16'),
(418, '127.0.0.1', '2022-02-11 10:47:16'),
(419, '127.0.0.1', '2022-02-11 10:47:16'),
(420, '127.0.0.1', '2022-02-11 10:48:03'),
(421, '127.0.0.1', '2022-02-11 10:48:06'),
(422, '127.0.0.1', '2022-02-11 10:48:08'),
(423, '127.0.0.1', '2022-02-11 10:48:16'),
(424, '127.0.0.1', '2022-02-11 10:48:18'),
(425, '127.0.0.1', '2022-02-11 11:27:58'),
(426, '127.0.0.1', '2022-02-11 11:28:01'),
(427, '127.0.0.1', '2022-02-11 11:28:11'),
(428, '127.0.0.1', '2022-02-11 11:30:19'),
(429, '127.0.0.1', '2022-02-11 11:30:27'),
(430, '127.0.0.1', '2022-02-11 11:30:34'),
(431, '127.0.0.1', '2022-02-11 11:30:39'),
(432, '127.0.0.1', '2022-02-11 11:31:07'),
(433, '127.0.0.1', '2022-02-11 11:31:14'),
(434, '127.0.0.1', '2022-02-11 11:31:25'),
(435, '127.0.0.1', '2022-02-11 11:31:53'),
(436, '127.0.0.1', '2022-02-11 11:31:59'),
(437, '127.0.0.1', '2022-02-11 11:32:05'),
(438, '127.0.0.1', '2022-02-11 11:32:24'),
(439, '127.0.0.1', '2022-02-11 11:32:54'),
(440, '127.0.0.1', '2022-02-11 11:32:56'),
(441, '127.0.0.1', '2022-02-11 11:33:14'),
(442, '127.0.0.1', '2022-02-11 14:52:35'),
(443, '127.0.0.1', '2022-02-11 14:58:08'),
(444, '127.0.0.1', '2022-02-11 15:00:40'),
(445, '127.0.0.1', '2022-02-11 15:03:24'),
(446, '127.0.0.1', '2022-02-11 15:03:32'),
(447, '127.0.0.1', '2022-02-11 15:03:34'),
(448, '127.0.0.1', '2022-02-11 15:05:17'),
(449, '127.0.0.1', '2022-02-11 15:06:03'),
(450, '127.0.0.1', '2022-02-11 15:10:14'),
(451, '127.0.0.1', '2022-02-11 15:11:30'),
(452, '127.0.0.1', '2022-02-11 15:33:06'),
(453, '127.0.0.1', '2022-02-11 15:33:11'),
(454, '127.0.0.1', '2022-02-11 15:33:14'),
(455, '127.0.0.1', '2022-02-11 15:39:34'),
(456, '127.0.0.1', '2022-02-11 15:46:37'),
(457, '127.0.0.1', '2022-02-11 15:50:24'),
(458, '127.0.0.1', '2022-02-11 15:50:33'),
(459, '127.0.0.1', '2022-02-11 15:52:40'),
(460, '127.0.0.1', '2022-02-11 15:52:44'),
(461, '127.0.0.1', '2022-02-11 15:52:55'),
(462, '127.0.0.1', '2022-02-12 03:18:56'),
(463, '127.0.0.1', '2022-02-12 03:19:04'),
(464, '127.0.0.1', '2022-02-12 03:19:06'),
(465, '127.0.0.1', '2022-02-12 04:07:24'),
(466, '127.0.0.1', '2022-02-12 04:07:26'),
(467, '127.0.0.1', '2022-02-12 04:17:48'),
(468, '127.0.0.1', '2022-02-12 04:17:51'),
(469, '127.0.0.1', '2022-02-12 04:17:55'),
(470, '127.0.0.1', '2022-02-12 04:18:08'),
(471, '127.0.0.1', '2022-02-12 04:18:30'),
(472, '127.0.0.1', '2022-02-12 04:18:32'),
(473, '127.0.0.1', '2022-02-12 04:22:25'),
(474, '127.0.0.1', '2022-02-12 04:22:28'),
(475, '127.0.0.1', '2022-02-12 04:22:57'),
(476, '127.0.0.1', '2022-02-12 04:23:14'),
(477, '127.0.0.1', '2022-02-12 04:24:01'),
(478, '127.0.0.1', '2022-02-12 04:24:21'),
(479, '127.0.0.1', '2022-02-12 04:24:23'),
(480, '127.0.0.1', '2022-02-12 04:24:26'),
(481, '127.0.0.1', '2022-02-12 04:24:28'),
(482, '127.0.0.1', '2022-02-12 04:25:02'),
(483, '127.0.0.1', '2022-02-12 04:25:03'),
(484, '127.0.0.1', '2022-02-12 04:25:28'),
(485, '127.0.0.1', '2022-02-12 04:26:07'),
(486, '127.0.0.1', '2022-02-12 04:26:33'),
(487, '127.0.0.1', '2022-02-12 04:26:51'),
(488, '127.0.0.1', '2022-02-12 04:27:36'),
(489, '127.0.0.1', '2022-02-12 04:28:47'),
(490, '127.0.0.1', '2022-02-12 04:29:12'),
(491, '127.0.0.1', '2022-02-12 04:29:16'),
(492, '127.0.0.1', '2022-02-12 04:30:50'),
(493, '127.0.0.1', '2022-02-12 04:31:12'),
(494, '127.0.0.1', '2022-02-12 04:31:31'),
(495, '127.0.0.1', '2022-02-12 04:33:08'),
(496, '127.0.0.1', '2022-02-12 04:33:48'),
(497, '127.0.0.1', '2022-02-12 04:34:38'),
(498, '127.0.0.1', '2022-02-12 04:37:33'),
(499, '127.0.0.1', '2022-02-12 04:37:38'),
(500, '127.0.0.1', '2022-02-12 04:39:35'),
(501, '127.0.0.1', '2022-02-12 04:39:37'),
(502, '127.0.0.1', '2022-02-12 04:39:53'),
(503, '127.0.0.1', '2022-02-12 04:39:54'),
(504, '127.0.0.1', '2022-02-12 04:40:06'),
(505, '127.0.0.1', '2022-02-12 04:40:08'),
(506, '127.0.0.1', '2022-02-12 04:40:12'),
(507, '127.0.0.1', '2022-02-12 04:40:49'),
(508, '127.0.0.1', '2022-02-12 04:41:23'),
(509, '127.0.0.1', '2022-02-12 04:41:58'),
(510, '127.0.0.1', '2022-02-12 04:46:13'),
(511, '127.0.0.1', '2022-02-12 04:50:14'),
(512, '127.0.0.1', '2022-02-12 04:50:30'),
(513, '127.0.0.1', '2022-02-12 04:50:56'),
(514, '127.0.0.1', '2022-02-12 04:51:17'),
(515, '127.0.0.1', '2022-02-12 04:51:34'),
(516, '127.0.0.1', '2022-02-12 04:51:46'),
(517, '127.0.0.1', '2022-02-12 05:01:59'),
(518, '127.0.0.1', '2022-02-12 05:02:29'),
(519, '127.0.0.1', '2022-02-12 05:02:34'),
(520, '127.0.0.1', '2022-02-12 05:02:53'),
(521, '127.0.0.1', '2022-02-12 05:03:00'),
(522, '127.0.0.1', '2022-02-12 05:03:06'),
(523, '127.0.0.1', '2022-02-12 05:04:01'),
(524, '127.0.0.1', '2022-02-12 05:04:31'),
(525, '127.0.0.1', '2022-02-12 05:05:24'),
(526, '127.0.0.1', '2022-02-12 05:05:37'),
(527, '127.0.0.1', '2022-02-12 05:06:08'),
(528, '127.0.0.1', '2022-02-12 05:06:23'),
(529, '127.0.0.1', '2022-02-12 05:07:43'),
(530, '127.0.0.1', '2022-02-12 05:15:59'),
(531, '127.0.0.1', '2022-02-12 05:16:02'),
(532, '127.0.0.1', '2022-02-12 05:17:00'),
(533, '127.0.0.1', '2022-02-12 05:17:00'),
(534, '127.0.0.1', '2022-02-12 05:17:02'),
(535, '127.0.0.1', '2022-02-12 05:17:10'),
(536, '127.0.0.1', '2022-02-12 05:22:01'),
(537, '127.0.0.1', '2022-02-12 05:22:07'),
(538, '127.0.0.1', '2022-02-12 05:22:57'),
(539, '127.0.0.1', '2022-02-12 05:26:19'),
(540, '127.0.0.1', '2022-02-12 05:26:24'),
(541, '127.0.0.1', '2022-02-12 05:26:47'),
(542, '127.0.0.1', '2022-02-12 05:26:52'),
(543, '127.0.0.1', '2022-02-12 05:26:57'),
(544, '127.0.0.1', '2022-02-12 05:28:05'),
(545, '127.0.0.1', '2022-02-12 05:28:50'),
(546, '127.0.0.1', '2022-02-12 05:28:57'),
(547, '127.0.0.1', '2022-02-12 05:29:32'),
(548, '127.0.0.1', '2022-02-12 05:30:17'),
(549, '127.0.0.1', '2022-02-12 05:30:51'),
(550, '127.0.0.1', '2022-02-12 05:31:09'),
(551, '127.0.0.1', '2022-02-12 05:37:21'),
(552, '127.0.0.1', '2022-02-12 09:22:26'),
(553, '127.0.0.1', '2022-02-12 09:22:38'),
(554, '127.0.0.1', '2022-02-12 09:23:26'),
(555, '127.0.0.1', '2022-02-12 09:24:02'),
(556, '127.0.0.1', '2022-02-12 09:24:28'),
(557, '127.0.0.1', '2022-02-12 09:24:29'),
(558, '127.0.0.1', '2022-02-12 09:24:35'),
(559, '127.0.0.1', '2022-02-12 09:25:19'),
(560, '127.0.0.1', '2022-02-12 09:25:47'),
(561, '127.0.0.1', '2022-02-12 09:26:24'),
(562, '127.0.0.1', '2022-02-12 09:27:12'),
(563, '127.0.0.1', '2022-02-12 09:28:03'),
(564, '127.0.0.1', '2022-02-12 09:31:05'),
(565, '127.0.0.1', '2022-02-12 09:31:19'),
(566, '127.0.0.1', '2022-02-12 09:31:33'),
(567, '127.0.0.1', '2022-02-12 09:32:28'),
(568, '127.0.0.1', '2022-02-12 09:32:29'),
(569, '127.0.0.1', '2022-02-12 09:33:13'),
(570, '127.0.0.1', '2022-02-12 09:33:14'),
(571, '127.0.0.1', '2022-02-12 09:33:29'),
(572, '127.0.0.1', '2022-02-12 09:34:22'),
(573, '127.0.0.1', '2022-02-12 09:35:18'),
(574, '127.0.0.1', '2022-02-12 09:36:44'),
(575, '127.0.0.1', '2022-02-12 09:39:58'),
(576, '127.0.0.1', '2022-02-12 09:40:33'),
(577, '127.0.0.1', '2022-02-12 09:40:51'),
(578, '127.0.0.1', '2022-02-12 09:41:07'),
(579, '127.0.0.1', '2022-02-12 09:41:48'),
(580, '127.0.0.1', '2022-02-12 09:41:58'),
(581, '127.0.0.1', '2022-02-12 09:42:09'),
(582, '127.0.0.1', '2022-02-12 09:42:20'),
(583, '127.0.0.1', '2022-02-12 09:42:27'),
(584, '127.0.0.1', '2022-02-12 09:43:21'),
(585, '127.0.0.1', '2022-02-12 09:43:54'),
(586, '127.0.0.1', '2022-02-12 09:48:52'),
(587, '127.0.0.1', '2022-02-12 09:48:54'),
(588, '127.0.0.1', '2022-02-12 09:49:33'),
(589, '127.0.0.1', '2022-02-12 09:49:54'),
(590, '127.0.0.1', '2022-02-12 09:56:43'),
(591, '127.0.0.1', '2022-02-12 09:56:57'),
(592, '127.0.0.1', '2022-02-12 09:57:08'),
(593, '127.0.0.1', '2022-02-12 09:57:36'),
(594, '127.0.0.1', '2022-02-12 09:58:42'),
(595, '127.0.0.1', '2022-02-12 09:58:51'),
(596, '127.0.0.1', '2022-02-12 09:59:04'),
(597, '127.0.0.1', '2022-02-12 09:59:47'),
(598, '127.0.0.1', '2022-02-12 10:17:21'),
(599, '127.0.0.1', '2022-02-12 10:17:51'),
(600, '127.0.0.1', '2022-02-12 10:17:52'),
(601, '127.0.0.1', '2022-02-12 10:24:05'),
(602, '127.0.0.1', '2022-02-12 10:24:14'),
(603, '127.0.0.1', '2022-02-12 10:25:20'),
(604, '127.0.0.1', '2022-02-12 10:25:57'),
(605, '127.0.0.1', '2022-02-12 10:32:30'),
(606, '127.0.0.1', '2022-02-12 10:51:28'),
(607, '127.0.0.1', '2022-02-12 10:57:56'),
(608, '127.0.0.1', '2022-02-12 10:58:06'),
(609, '127.0.0.1', '2022-02-12 10:58:08'),
(610, '127.0.0.1', '2022-02-12 10:58:10'),
(611, '127.0.0.1', '2022-02-12 10:58:34'),
(612, '127.0.0.1', '2022-02-12 10:58:42'),
(613, '127.0.0.1', '2022-02-12 10:58:44'),
(614, '127.0.0.1', '2022-02-12 10:59:45'),
(615, '127.0.0.1', '2022-02-12 10:59:47'),
(616, '127.0.0.1', '2022-02-12 10:59:57'),
(617, '127.0.0.1', '2022-02-12 10:59:59'),
(618, '127.0.0.1', '2022-02-12 11:01:18'),
(619, '127.0.0.1', '2022-02-12 11:01:21'),
(620, '127.0.0.1', '2022-02-12 11:02:05'),
(621, '127.0.0.1', '2022-02-12 11:06:52'),
(622, '127.0.0.1', '2022-02-12 11:06:59'),
(623, '127.0.0.1', '2022-02-12 11:07:02'),
(624, '127.0.0.1', '2022-02-12 11:10:20'),
(625, '127.0.0.1', '2022-02-12 15:15:57'),
(626, '127.0.0.1', '2022-02-12 15:16:00'),
(627, '127.0.0.1', '2022-02-12 15:16:04'),
(628, '127.0.0.1', '2022-02-12 15:16:10'),
(629, '127.0.0.1', '2022-02-12 15:16:14'),
(630, '127.0.0.1', '2022-02-12 15:16:15'),
(631, '127.0.0.1', '2022-02-12 15:16:51'),
(632, '127.0.0.1', '2022-02-12 15:16:55'),
(633, '127.0.0.1', '2022-02-12 15:17:10'),
(634, '127.0.0.1', '2022-02-12 15:17:14'),
(635, '127.0.0.1', '2022-02-12 15:17:17'),
(636, '127.0.0.1', '2022-02-12 15:17:41'),
(637, '127.0.0.1', '2022-02-12 15:17:44'),
(638, '127.0.0.1', '2022-02-12 15:17:46'),
(639, '127.0.0.1', '2022-02-12 15:18:04'),
(640, '127.0.0.1', '2022-02-12 15:18:13'),
(641, '127.0.0.1', '2022-02-12 15:18:15'),
(642, '127.0.0.1', '2022-02-12 15:18:23'),
(643, '127.0.0.1', '2022-02-12 15:19:02'),
(644, '127.0.0.1', '2022-02-12 15:51:38'),
(645, '127.0.0.1', '2022-02-12 15:55:21'),
(646, '127.0.0.1', '2022-02-12 16:17:08'),
(647, '127.0.0.1', '2022-02-12 16:23:55'),
(648, '127.0.0.1', '2022-02-13 07:29:02'),
(649, '127.0.0.1', '2022-02-13 07:58:36'),
(650, '127.0.0.1', '2022-02-13 07:58:38'),
(651, '127.0.0.1', '2022-02-13 08:07:00'),
(652, '127.0.0.1', '2022-02-13 08:07:13'),
(653, '127.0.0.1', '2022-02-13 08:07:37'),
(654, '127.0.0.1', '2022-02-13 08:08:19'),
(655, '127.0.0.1', '2022-02-13 08:09:28'),
(656, '127.0.0.1', '2022-02-13 08:28:58'),
(657, '127.0.0.1', '2022-02-13 08:31:28'),
(658, '127.0.0.1', '2022-02-13 08:35:24'),
(659, '127.0.0.1', '2022-02-13 08:35:45'),
(660, '127.0.0.1', '2022-02-13 08:38:37'),
(661, '127.0.0.1', '2022-02-13 09:00:59'),
(662, '127.0.0.1', '2022-02-13 09:01:03'),
(663, '127.0.0.1', '2022-02-13 09:01:46'),
(664, '127.0.0.1', '2022-02-13 09:01:53'),
(665, '127.0.0.1', '2022-02-13 09:07:32'),
(666, '127.0.0.1', '2022-02-13 09:07:39'),
(667, '127.0.0.1', '2022-02-13 09:07:50'),
(668, '127.0.0.1', '2022-02-13 09:07:58'),
(669, '127.0.0.1', '2022-02-13 09:08:25'),
(670, '127.0.0.1', '2022-02-13 09:08:29'),
(671, '127.0.0.1', '2022-02-13 09:09:26'),
(672, '127.0.0.1', '2022-02-13 09:09:26'),
(673, '127.0.0.1', '2022-02-13 09:09:43'),
(674, '127.0.0.1', '2022-02-13 09:10:04'),
(675, '127.0.0.1', '2022-02-13 09:10:06'),
(676, '127.0.0.1', '2022-02-13 09:10:52'),
(677, '127.0.0.1', '2022-02-13 09:10:54'),
(678, '127.0.0.1', '2022-02-13 09:12:14'),
(679, '127.0.0.1', '2022-02-13 09:12:18'),
(680, '127.0.0.1', '2022-02-13 09:17:19'),
(681, '127.0.0.1', '2022-02-13 09:17:24'),
(682, '127.0.0.1', '2022-02-13 09:17:55'),
(683, '127.0.0.1', '2022-02-13 09:17:58'),
(684, '127.0.0.1', '2022-02-13 09:20:13'),
(685, '127.0.0.1', '2022-02-13 09:23:39'),
(686, '127.0.0.1', '2022-02-13 09:23:54'),
(687, '127.0.0.1', '2022-02-13 09:27:11'),
(688, '127.0.0.1', '2022-02-13 09:27:22'),
(689, '127.0.0.1', '2022-02-13 09:28:35'),
(690, '127.0.0.1', '2022-02-13 09:29:14'),
(691, '127.0.0.1', '2022-02-13 09:29:18'),
(692, '127.0.0.1', '2022-02-13 09:29:36'),
(693, '127.0.0.1', '2022-02-13 09:29:41'),
(694, '127.0.0.1', '2022-02-13 09:30:02'),
(695, '127.0.0.1', '2022-02-13 09:30:06'),
(696, '127.0.0.1', '2022-02-13 09:30:23'),
(697, '127.0.0.1', '2022-02-13 09:32:16'),
(698, '127.0.0.1', '2022-02-13 09:32:25'),
(699, '127.0.0.1', '2022-02-13 09:33:47'),
(700, '127.0.0.1', '2022-02-13 09:36:42'),
(701, '127.0.0.1', '2022-02-13 09:36:48'),
(702, '127.0.0.1', '2022-02-13 09:41:32'),
(703, '127.0.0.1', '2022-02-13 09:42:20'),
(704, '127.0.0.1', '2022-02-13 09:44:08'),
(705, '127.0.0.1', '2022-02-13 09:44:12'),
(706, '127.0.0.1', '2022-02-13 10:20:07'),
(707, '127.0.0.1', '2022-02-13 10:20:09'),
(708, '127.0.0.1', '2022-02-13 10:20:16'),
(709, '127.0.0.1', '2022-02-13 10:20:18'),
(710, '127.0.0.1', '2022-02-13 10:20:26'),
(711, '127.0.0.1', '2022-02-13 10:20:36'),
(712, '127.0.0.1', '2022-02-13 10:20:49'),
(713, '127.0.0.1', '2022-02-13 10:20:50'),
(714, '127.0.0.1', '2022-02-13 10:24:25'),
(715, '127.0.0.1', '2022-02-13 10:40:44'),
(716, '127.0.0.1', '2022-02-13 10:59:27'),
(717, '127.0.0.1', '2022-02-13 11:36:32'),
(718, '127.0.0.1', '2022-02-13 11:36:50'),
(719, '127.0.0.1', '2022-02-13 11:36:53'),
(720, '127.0.0.1', '2022-02-13 11:37:00'),
(721, '127.0.0.1', '2022-02-13 11:37:02'),
(722, '127.0.0.1', '2022-02-13 11:40:11'),
(723, '127.0.0.1', '2022-02-13 12:11:38'),
(724, '127.0.0.1', '2022-02-13 12:27:17'),
(725, '127.0.0.1', '2022-02-13 14:48:17'),
(726, '127.0.0.1', '2022-02-13 14:48:20'),
(727, '127.0.0.1', '2022-02-13 14:48:40'),
(728, '127.0.0.1', '2022-02-13 14:48:42'),
(729, '127.0.0.1', '2022-02-13 14:48:48'),
(730, '127.0.0.1', '2022-02-13 14:49:07'),
(731, '127.0.0.1', '2022-02-13 14:56:00'),
(732, '127.0.0.1', '2022-02-13 14:56:06'),
(733, '127.0.0.1', '2022-02-13 15:00:06'),
(734, '127.0.0.1', '2022-02-13 15:00:08'),
(735, '127.0.0.1', '2022-02-13 15:00:39'),
(736, '127.0.0.1', '2022-02-13 15:00:41'),
(737, '127.0.0.1', '2022-02-13 15:01:52'),
(738, '127.0.0.1', '2022-02-13 15:03:03'),
(739, '127.0.0.1', '2022-02-13 15:03:05'),
(740, '127.0.0.1', '2022-02-13 15:04:17'),
(741, '127.0.0.1', '2022-02-13 15:04:20'),
(742, '127.0.0.1', '2022-02-13 15:04:27'),
(743, '127.0.0.1', '2022-02-13 15:04:29'),
(744, '127.0.0.1', '2022-02-13 15:04:37'),
(745, '127.0.0.1', '2022-02-13 15:05:35'),
(746, '127.0.0.1', '2022-02-13 15:06:15'),
(747, '127.0.0.1', '2022-02-13 15:06:18'),
(748, '127.0.0.1', '2022-02-13 15:09:15'),
(749, '127.0.0.1', '2022-02-13 15:18:28'),
(750, '127.0.0.1', '2022-02-13 15:18:30'),
(751, '127.0.0.1', '2022-02-13 15:18:52'),
(752, '127.0.0.1', '2022-02-13 15:18:54'),
(753, '127.0.0.1', '2022-02-13 15:34:39'),
(754, '127.0.0.1', '2022-02-13 15:44:05'),
(755, '127.0.0.1', '2022-02-13 15:44:07'),
(756, '127.0.0.1', '2022-02-13 15:44:20'),
(757, '127.0.0.1', '2022-02-13 15:44:22'),
(758, '127.0.0.1', '2022-02-13 16:08:30'),
(759, '127.0.0.1', '2022-02-13 16:38:57'),
(760, '127.0.0.1', '2022-02-13 16:38:59'),
(761, '127.0.0.1', '2022-02-13 16:44:09'),
(762, '127.0.0.1', '2022-02-13 16:44:11'),
(763, '127.0.0.1', '2022-02-13 16:44:18'),
(764, '127.0.0.1', '2022-02-13 16:44:20'),
(765, '127.0.0.1', '2022-02-13 16:48:36'),
(766, '127.0.0.1', '2022-02-14 02:14:56'),
(767, '127.0.0.1', '2022-02-14 02:15:10'),
(768, '127.0.0.1', '2022-02-14 02:19:50'),
(769, '127.0.0.1', '2022-02-14 02:19:53'),
(770, '127.0.0.1', '2022-02-14 02:20:00'),
(771, '127.0.0.1', '2022-02-14 02:20:03'),
(772, '127.0.0.1', '2022-02-14 02:22:22'),
(773, '127.0.0.1', '2022-02-14 02:22:24'),
(774, '127.0.0.1', '2022-02-14 14:33:26'),
(775, '127.0.0.1', '2022-02-14 14:33:35'),
(776, '127.0.0.1', '2022-02-14 14:33:37'),
(777, '127.0.0.1', '2022-02-14 14:41:19'),
(778, '127.0.0.1', '2022-02-14 14:41:28'),
(779, '127.0.0.1', '2022-02-14 14:41:32'),
(780, '127.0.0.1', '2022-02-14 14:41:34'),
(781, '127.0.0.1', '2022-02-14 14:41:42'),
(782, '127.0.0.1', '2022-02-14 14:41:44'),
(783, '127.0.0.1', '2022-02-14 14:58:04'),
(784, '127.0.0.1', '2022-02-14 15:05:18'),
(785, '127.0.0.1', '2022-02-14 15:06:14'),
(786, '127.0.0.1', '2022-02-14 15:18:40'),
(787, '127.0.0.1', '2022-02-14 16:00:58'),
(788, '127.0.0.1', '2022-02-14 16:01:00'),
(789, '127.0.0.1', '2022-02-14 16:51:02'),
(790, '127.0.0.1', '2022-02-14 16:51:04'),
(791, '127.0.0.1', '2022-02-14 16:51:11'),
(792, '127.0.0.1', '2022-02-14 16:51:14'),
(793, '127.0.0.1', '2022-02-15 13:50:54'),
(794, '127.0.0.1', '2022-02-15 13:51:02'),
(795, '127.0.0.1', '2022-02-15 13:51:04'),
(796, '127.0.0.1', '2022-02-15 14:06:59'),
(797, '127.0.0.1', '2022-02-15 14:07:02'),
(798, '127.0.0.1', '2022-02-15 14:07:05'),
(799, '127.0.0.1', '2022-02-15 14:07:32'),
(800, '127.0.0.1', '2022-02-15 14:07:47'),
(801, '127.0.0.1', '2022-02-15 14:07:49'),
(802, '127.0.0.1', '2022-02-15 14:12:22'),
(803, '127.0.0.1', '2022-02-15 14:12:25'),
(804, '127.0.0.1', '2022-02-15 15:42:37'),
(805, '127.0.0.1', '2022-02-15 15:42:39'),
(806, '127.0.0.1', '2022-02-15 15:42:47'),
(807, '127.0.0.1', '2022-02-15 15:42:49'),
(808, '127.0.0.1', '2022-02-15 15:50:01'),
(809, '127.0.0.1', '2022-02-15 15:58:09'),
(810, '127.0.0.1', '2022-02-15 15:58:16'),
(811, '127.0.0.1', '2022-02-15 15:58:18'),
(812, '127.0.0.1', '2022-02-16 12:11:35'),
(813, '127.0.0.1', '2022-02-16 12:11:45'),
(814, '127.0.0.1', '2022-02-16 12:11:47'),
(815, '127.0.0.1', '2022-02-16 12:47:16'),
(816, '127.0.0.1', '2022-02-16 12:49:41'),
(817, '127.0.0.1', '2022-02-16 12:56:09'),
(818, '127.0.0.1', '2022-02-16 12:57:13'),
(819, '127.0.0.1', '2022-02-16 12:58:34'),
(820, '127.0.0.1', '2022-02-16 13:02:12'),
(821, '127.0.0.1', '2022-02-16 13:05:14'),
(822, '127.0.0.1', '2022-02-16 13:06:34'),
(823, '127.0.0.1', '2022-02-16 13:07:39'),
(824, '127.0.0.1', '2022-02-16 13:07:47'),
(825, '127.0.0.1', '2022-02-16 13:07:49'),
(826, '127.0.0.1', '2022-02-16 13:28:37'),
(827, '127.0.0.1', '2022-02-16 13:28:40'),
(828, '127.0.0.1', '2022-02-16 13:28:44'),
(829, '127.0.0.1', '2022-02-16 13:30:08'),
(830, '127.0.0.1', '2022-02-16 13:30:11'),
(831, '127.0.0.1', '2022-02-16 13:30:48'),
(832, '127.0.0.1', '2022-02-16 13:30:50'),
(833, '127.0.0.1', '2022-02-16 13:30:55'),
(834, '127.0.0.1', '2022-02-16 13:30:56'),
(835, '127.0.0.1', '2022-02-16 13:31:26'),
(836, '127.0.0.1', '2022-02-16 13:31:30'),
(837, '127.0.0.1', '2022-02-16 13:34:16'),
(838, '127.0.0.1', '2022-02-16 13:34:20'),
(839, '127.0.0.1', '2022-02-16 13:34:31'),
(840, '127.0.0.1', '2022-02-16 13:40:08'),
(841, '127.0.0.1', '2022-02-16 13:40:12'),
(842, '127.0.0.1', '2022-02-16 13:40:15'),
(843, '127.0.0.1', '2022-02-16 13:41:04'),
(844, '127.0.0.1', '2022-02-16 13:41:14'),
(845, '127.0.0.1', '2022-02-16 13:41:16'),
(846, '127.0.0.1', '2022-02-16 13:42:29'),
(847, '127.0.0.1', '2022-02-16 14:37:46'),
(848, '127.0.0.1', '2022-02-16 14:37:53'),
(849, '127.0.0.1', '2022-02-16 14:37:55'),
(850, '127.0.0.1', '2022-02-16 14:38:21'),
(851, '127.0.0.1', '2022-02-16 14:42:19'),
(852, '127.0.0.1', '2022-02-16 14:45:55'),
(853, '127.0.0.1', '2022-02-16 14:58:16'),
(854, '127.0.0.1', '2022-02-17 09:57:44'),
(855, '127.0.0.1', '2022-02-17 11:09:04'),
(856, '127.0.0.1', '2022-02-17 11:09:07'),
(857, '127.0.0.1', '2022-02-17 11:09:13'),
(858, '127.0.0.1', '2022-02-17 11:09:15'),
(859, '127.0.0.1', '2022-02-17 11:21:56'),
(860, '127.0.0.1', '2022-02-17 11:23:52'),
(861, '127.0.0.1', '2022-02-17 11:24:43'),
(862, '127.0.0.1', '2022-02-17 11:24:45'),
(863, '127.0.0.1', '2022-02-17 12:02:06'),
(864, '127.0.0.1', '2022-02-17 12:02:09'),
(865, '127.0.0.1', '2022-02-17 12:02:11'),
(866, '127.0.0.1', '2022-02-17 12:02:22'),
(867, '127.0.0.1', '2022-02-17 12:02:24'),
(868, '127.0.0.1', '2022-02-17 12:04:12'),
(869, '127.0.0.1', '2022-02-17 12:04:15'),
(870, '127.0.0.1', '2022-02-17 12:04:17'),
(871, '127.0.0.1', '2022-02-17 12:14:05'),
(872, '127.0.0.1', '2022-02-17 12:14:08'),
(873, '127.0.0.1', '2022-02-17 12:16:54'),
(874, '127.0.0.1', '2022-02-17 12:16:58'),
(875, '127.0.0.1', '2022-02-17 12:17:06'),
(876, '127.0.0.1', '2022-02-17 12:17:08'),
(877, '127.0.0.1', '2022-02-17 12:17:50'),
(878, '127.0.0.1', '2022-02-17 12:17:53'),
(879, '127.0.0.1', '2022-02-17 15:17:43'),
(880, '127.0.0.1', '2022-02-17 15:17:45'),
(881, '127.0.0.1', '2022-02-17 15:17:51'),
(882, '127.0.0.1', '2022-02-17 15:17:53'),
(883, '127.0.0.1', '2022-02-17 15:18:14'),
(884, '127.0.0.1', '2022-02-17 15:18:21'),
(885, '127.0.0.1', '2022-02-17 15:23:50'),
(886, '127.0.0.1', '2022-02-17 15:23:53'),
(887, '127.0.0.1', '2022-02-17 15:23:55'),
(888, '127.0.0.1', '2022-02-18 07:36:10'),
(889, '127.0.0.1', '2022-02-18 09:43:45'),
(890, '127.0.0.1', '2022-02-18 09:43:48'),
(891, '127.0.0.1', '2022-02-18 09:44:07'),
(892, '127.0.0.1', '2022-02-18 09:44:10'),
(893, '127.0.0.1', '2022-02-18 09:44:21'),
(894, '127.0.0.1', '2022-02-18 09:44:23'),
(895, '127.0.0.1', '2022-02-18 11:59:10'),
(896, '127.0.0.1', '2022-02-18 11:59:33'),
(897, '127.0.0.1', '2022-02-18 11:59:36'),
(898, '127.0.0.1', '2022-02-18 11:59:46'),
(899, '127.0.0.1', '2022-02-18 11:59:48'),
(900, '127.0.0.1', '2022-02-18 11:59:55'),
(901, '127.0.0.1', '2022-02-18 11:59:57'),
(902, '127.0.0.1', '2022-02-18 12:00:07'),
(903, '127.0.0.1', '2022-02-18 12:00:10'),
(904, '127.0.0.1', '2022-02-18 12:00:21'),
(905, '127.0.0.1', '2022-02-18 12:00:23'),
(906, '127.0.0.1', '2022-02-18 12:00:31'),
(907, '127.0.0.1', '2022-02-18 12:03:40'),
(908, '127.0.0.1', '2022-02-18 12:08:20'),
(909, '127.0.0.1', '2022-02-18 12:08:22'),
(910, '127.0.0.1', '2022-02-18 12:08:30'),
(911, '127.0.0.1', '2022-02-18 12:08:32'),
(912, '127.0.0.1', '2022-02-18 12:32:38'),
(913, '127.0.0.1', '2022-02-18 12:32:41'),
(914, '127.0.0.1', '2022-02-18 15:09:59'),
(915, '127.0.0.1', '2022-02-18 15:10:01'),
(916, '127.0.0.1', '2022-02-18 15:10:08'),
(917, '127.0.0.1', '2022-02-18 15:11:13'),
(918, '127.0.0.1', '2022-02-18 15:11:14'),
(919, '127.0.0.1', '2022-02-18 15:11:15'),
(920, '127.0.0.1', '2022-02-18 15:13:26'),
(921, '127.0.0.1', '2022-02-18 15:13:45'),
(922, '127.0.0.1', '2022-02-18 15:13:48'),
(923, '127.0.0.1', '2022-02-18 15:15:29'),
(924, '127.0.0.1', '2022-02-18 15:15:31'),
(925, '127.0.0.1', '2022-02-18 15:16:07');

-- --------------------------------------------------------

--
-- Table structure for table `tbl_login_log`
--

CREATE TABLE `tbl_login_log` (
  `log_id` int(11) NOT NULL,
  `ref_m_id` int(11) NOT NULL,
  `log_date` timestamp NOT NULL DEFAULT current_timestamp()
) ENGINE=InnoDB DEFAULT CHARSET=utf8 COMMENT='เก็บประวัติก่รเข้าสู่ระบบ';

--
-- Dumping data for table `tbl_login_log`
--

INSERT INTO `tbl_login_log` (`log_id`, `ref_m_id`, `log_date`) VALUES
(1, 7, '2020-02-21 16:15:28'),
(2, 7, '2020-01-01 16:16:08'),
(3, 10, '2020-02-21 16:16:08'),
(4, 10, '2020-02-21 16:16:08'),
(5, 7, '2021-03-21 16:40:13'),
(6, 7, '2021-05-21 16:40:13'),
(7, 7, '2021-06-21 16:40:13'),
(8, 17, '2021-10-21 16:40:13'),
(9, 7, '2022-01-22 06:37:54'),
(10, 7, '2022-01-21 16:15:28'),
(11, 7, '2022-01-21 16:16:08'),
(12, 10, '2022-02-03 16:16:44'),
(13, 10, '2022-02-03 16:16:44'),
(14, 7, '2022-02-03 16:16:44'),
(15, 7, '2022-02-03 16:16:44'),
(16, 7, '2022-02-02 03:01:00'),
(17, 17, '2022-02-03 16:16:44'),
(18, 7, '2022-02-03 16:16:44'),
(19, 7, '2022-01-21 16:15:28'),
(20, 7, '2022-01-21 16:16:08'),
(21, 10, '2022-01-21 16:16:44'),
(22, 10, '2022-01-21 16:18:37'),
(23, 7, '2022-01-21 16:40:13'),
(24, 7, '2022-01-22 02:56:12'),
(25, 7, '2022-01-22 03:01:00'),
(26, 17, '2022-01-22 06:35:23'),
(27, 7, '2022-01-22 06:37:54'),
(28, 7, '2022-01-21 16:15:28'),
(29, 7, '2022-01-21 16:16:08'),
(30, 10, '2022-02-03 16:16:44'),
(31, 10, '2022-02-03 16:16:44'),
(32, 7, '2022-02-03 16:16:44'),
(33, 7, '2022-02-03 16:16:44'),
(34, 7, '2022-02-02 03:01:00'),
(35, 17, '2022-02-03 16:16:44'),
(36, 7, '2022-02-03 16:16:44'),
(37, 7, '2022-02-02 03:50:47'),
(38, 7, '2022-02-03 15:55:36'),
(39, 7, '2022-02-04 03:24:53'),
(40, 7, '2022-02-04 04:18:14'),
(41, 7, '2022-02-04 04:19:09'),
(42, 7, '2022-02-04 14:50:11'),
(43, 7, '2022-02-05 03:31:59'),
(44, 7, '2022-02-05 04:24:20'),
(45, 7, '2022-02-11 02:54:24'),
(46, 7, '2022-02-11 03:26:30'),
(47, 7, '2022-02-11 06:37:00'),
(48, 7, '2022-02-11 10:48:16'),
(49, 7, '2022-02-11 15:03:32'),
(50, 7, '2022-02-12 03:19:04'),
(51, 7, '2022-02-12 04:40:06'),
(52, 7, '2022-02-12 10:58:42'),
(53, 7, '2022-02-12 10:59:57'),
(54, 7, '2022-02-12 11:06:59'),
(55, 7, '2022-02-12 15:15:57'),
(56, 7, '2022-02-12 15:18:13'),
(57, 7, '2022-02-13 07:58:36'),
(58, 7, '2022-02-13 10:20:16'),
(59, 7, '2022-02-13 11:37:00'),
(60, 12, '2022-02-13 14:48:40'),
(61, 19, '2022-02-13 15:00:38'),
(62, 20, '2022-02-13 15:04:27'),
(63, 20, '2022-02-13 15:18:52'),
(64, 7, '2022-02-13 15:44:19'),
(65, 7, '2022-02-13 16:44:18'),
(66, 7, '2022-02-14 02:20:00'),
(67, 7, '2022-02-14 14:33:35'),
(68, 7, '2022-02-14 14:41:42'),
(69, 7, '2022-02-14 16:51:11'),
(70, 7, '2022-02-15 13:51:02'),
(71, 12, '2022-02-15 14:07:47'),
(72, 12, '2022-02-15 15:42:47'),
(73, 7, '2022-02-15 15:58:16'),
(74, 7, '2022-02-16 12:11:45'),
(75, 7, '2022-02-16 13:41:13'),
(76, 7, '2022-02-16 14:37:53'),
(77, 7, '2022-02-17 11:09:13'),
(78, 7, '2022-02-17 12:02:22'),
(79, 7, '2022-02-17 12:17:06'),
(80, 7, '2022-02-17 15:17:51'),
(81, 9, '2022-02-18 09:44:07'),
(82, 7, '2022-02-18 12:08:30');

-- --------------------------------------------------------

--
-- Table structure for table `tbl_member`
--

CREATE TABLE `tbl_member` (
  `m_id` int(11) NOT NULL,
  `m_username` varchar(255) DEFAULT NULL,
  `m_password` varchar(255) NOT NULL,
  `m_fname` varchar(255) NOT NULL,
  `m_name` varchar(255) NOT NULL,
  `m_lname` varchar(255) NOT NULL,
  `m_email` varchar(255) NOT NULL,
  `m_phone` varchar(20) NOT NULL,
  `m_address` text NOT NULL,
  `m_img` varchar(255) NOT NULL DEFAULT 'll.png',
  `m_level` varchar(50) NOT NULL DEFAULT 'MEMBER',
  `m_datesave` timestamp NOT NULL DEFAULT current_timestamp() ON UPDATE current_timestamp()
) ENGINE=InnoDB DEFAULT CHARSET=utf8;

--
-- Dumping data for table `tbl_member`
--

INSERT INTO `tbl_member` (`m_id`, `m_username`, `m_password`, `m_fname`, `m_name`, `m_lname`, `m_email`, `m_phone`, `m_address`, `m_img`, `m_level`, `m_datesave`) VALUES
(1, 'kaifaro', '7c4a8d09ca3762af61e59520943dc26494f8941b', '', 'ณรงค์', 'สำราญจิตร์', 'aa3@g.gggg', '083400795488', '637/1', '39859592120220110_214126.png', 'ADMIN', '2022-01-20 09:26:46'),
(7, 'member', '7c4a8d09ca3762af61e59520943dc26494f8941b', '', 'ชินกฤต', 'สำราญจิตร์', 'aa3@jjj.com', '0819857785', '637/1', '202232497220220122_131808.jpg', 'MEMBER', '2022-01-22 06:18:08'),
(9, 'kkk', '7c4a8d09ca3762af61e59520943dc26494f8941b', '', 'ชินกฤต', 'สำราญจิตร์', 'aa3@g.gggggg', '0819857785', 'ggggg', '187601243520220110_214222.jpg', 'MEMBER', '2022-01-10 14:42:22'),
(10, 'sunday', '7c4a8d09ca3762af61e59520943dc26494f8941b', '', 'ชินดนัย', 'สำราญจิตร์', 'aa3@g.gggggg', '0819857785', '637/1', '42103206220220110_214234.jpg', 'MEMBER', '2022-01-19 07:54:33'),
(12, 'ddddd', '7c4a8d09ca3762af61e59520943dc26494f8941b', '', 'ชินกฤต', 'ตั่งแต่หัวจรดเท้า', 'aa3@g.gggggg', '0819857785', '55555', '3106163120220110_214246.jpg', 'MEMBER', '2022-01-10 14:42:46'),
(13, 'kaifaro1', '7c4a8d09ca3762af61e59520943dc26494f8941b', '', 'ชินกฤต', 'สำราญจิตร์', 'aa3@g.gggggg', '0819857785', '6666666666666', '44323313520220109_220402.jpg', 'ADMIN', '2022-01-09 15:04:02'),
(17, '55555', '69df79bef9287d3bcb8f104a408b06de6a108fd8', '', 'สมชาย', 'ตั่งแต่หัวจรดเท้า', 'aa3@g.gggggg', '0819857785', '637/1', '116001829920220122_133538.png', 'MEMBER', '2022-01-23 13:24:55'),
(19, 'ssss', 'c455582f41f589213a7d34ccb3954c67476077da', 'นาย', 'สมชาย', 'ตั่งแต่หัวจรดเท้า', 'aa3@g.gggggg1', '0819857785', 'sssssssssssssssss', '94428933120220213_220130.jpg', 'MEMBER', '2022-02-13 15:01:30'),
(20, 'aaaaa', 'df51e37c269aa94d38f93e537bf6e2020b21406c', 'นาย', 'เจมส์บอน', '007', 'aa3@g.gggggg1', '0819857785', 'aaaaaaaaaaaaaa', '58179560320220213_220355.png', 'MEMBER', '2022-02-13 15:03:55');

-- --------------------------------------------------------

--
-- Table structure for table `tbl_prd`
--

CREATE TABLE `tbl_prd` (
  `p_id` int(11) NOT NULL,
  `ref_m_id` int(11) DEFAULT 0 COMMENT 'รหัสของคนเพิ่มข้อมูล',
  `ref_t_id` int(11) DEFAULT 0 COMMENT 'รหัสประเภทของสินค้า',
  `p_name` varchar(255) NOT NULL COMMENT 'ชื่อสินค้า',
  `p_intro` varchar(255) NOT NULL COMMENT 'รายละเอียดสั้นๆ',
  `p_detail` text NOT NULL,
  `p_price` varchar(255) NOT NULL,
  `p_img` varchar(255) NOT NULL,
  `p_img1` varchar(255) NOT NULL,
  `p_img2` varchar(255) NOT NULL,
  `p_img3` varchar(255) NOT NULL,
  `p_view` int(11) NOT NULL DEFAULT 0,
  `p_qty` int(3) NOT NULL,
  `p_m_name` varchar(255) DEFAULT NULL,
  `p_m_edit_date` datetime NOT NULL,
  `p_hns` varchar(50) NOT NULL,
  `p_datesave` timestamp NOT NULL DEFAULT current_timestamp() ON UPDATE current_timestamp()
) ENGINE=InnoDB DEFAULT CHARSET=utf8;

--
-- Dumping data for table `tbl_prd`
--

INSERT INTO `tbl_prd` (`p_id`, `ref_m_id`, `ref_t_id`, `p_name`, `p_intro`, `p_detail`, `p_price`, `p_img`, `p_img1`, `p_img2`, `p_img3`, `p_view`, `p_qty`, `p_m_name`, `p_m_edit_date`, `p_hns`, `p_datesave`) VALUES
(1, 1, 34, 'Nike Phantom ', 'Nike Phantom GT Club MG', 'Nike Phantom GT Club MG Nike Phantom GT Club MG\r\nNike Phantom GT Club MG Nike Phantom GT Club MG\r\nNike Phantom GT Club MG Nike Phantom GT Club MG\r\nNike Phantom GT Club MG Nike Phantom GT Club MG\r\n', '5800', '43237679620220216_200929.jpg', '185086015720220216_200929.jpg', '200170908120220216_200929.jpg', '184932760720220216_200929.jpg', 1, 50, NULL, '0000-00-00 00:00:00', '', '2022-02-18 12:00:23'),
(2, 1, 31, 'ของฝากหนองคาย', 'ของฝากหนองคาย', 'ของฝากหนองคาย ของฝากหนองคาย ของฝากหนองคาย\r\nของฝากหนองคาย ของฝากหนองคาย ของฝากหนองคาย\r\nของฝากหนองคาย ของฝากหนองคาย ของฝากหนองคาย\r\nของฝากหนองคาย ของฝากหนองคาย ของฝากหนองคาย', '400', '205355192120220216_201259.png', '102272889120220216_201259.png', '74594280320220216_201259.png', '102560396620220216_201259.png', 1, 49, NULL, '0000-00-00 00:00:00', '', '2022-02-18 12:00:10'),
(3, 1, 34, 'ต้นไหลน้ำพี้ ไหล 9 เม็ด', 'ต้นไหลน้ำพี้ ไหล 9 เม็ด', 'รายละเอียดสินค้า ต้นไหลน้ำพี้ ไหล 9 เม็ด\r\n•	สีดำ ช่วยด้านป้องกันอันตราย คุณไสย์มนต์ดำ ภูตผีปีศาจ ลมเพลมพัด \r\nการเดินทางแคล้วคลาดปลอดภัย ล้างอาถรรพ์ สิ่งไม่ดี สีน้ำเงิน/สีฟ้า เสริม\r\nด้านความมั่นคง หน้าที่การงาน การเจรจา การสอบ การเรียน การเเข่งขัน\r\n สีเขียว/เขียวอ่อน ช่วยด้านการค้าขาย ดูดทรัพย์ เงินทองไหลมาเทมา \r\nเสี่ยงโชคเสี่ยงดวง โชคลาภ #ไหลน้ำพี้เป็นธาตุเดียวกับเหล็กไหล \r\n\"ไม่ต้องปลุกเสกก็มีอิทธิฤทธิ์และอำนาจในตัวเอง\" ไหลน้ำพี้ซึ่งเป็\r\nนตระกูลเดียวกับเหล็กไหล พบและหาได้เฉพาะ บ้านน้ำพี้ ตำบลน้ำพี้\r\n จังหวัดอุตรดิตถ์ ไหลน้ำพี้มีความศักดิ์สิทธิ์ในตัว เพียงตั้งจิตอธิฐาน\r\nภาวนาถึงสิ่ง ศักดิ์สิทธิ์ให้ช่วยเหลือให้บังเกิดความสำเร็จ\r\n', '199', '111886805620220216_202831.png', '111699093020220216_202831.png', '37304003720220216_202831.png', '88368881220220216_202831.png', 3, 50, NULL, '0000-00-00 00:00:00', '', '2022-02-18 11:59:10'),
(4, 1, 34, 'โมบายลมกระดิ่งลม ระฆังลม เรียกทรัพย์เสริมฮวงจุ้ย ', 'โมบายลมกระดิ่งลม ระฆังลม เรียกทรัพย์เสริมฮวงจุ้ย แขวนตกแต่งบ้าน ที่ทำงาน ร้านค้า เรียกทรัพย์ปรับราศี', 'รายละเอียดสินค้า โมบายลมกระดิ่งลม ระฆังลม เรียกทรัพย์เสริมฮวงจุ้ย แขวนตกแต่งบ้าน ที่ทำงาน ร้านค้า เรียกทรัพย์ปรับราศี\r\n•	โมบายลมกระดิ่งลมเรียกทรัพย์เสริมฮวงจุ้ย\r\n•	แขวนตกแต่งบ้าน ที่ทำงาน ร้านค้า เรียกทรัพย์ปรับราศีเสริมดวงชะตานกยูง=เป็นสัญลักษณ์ที่สื่อถึงความโชคดี และความเจริญในด้านการเงิน\r\n•	มังกร= มังกรเป็นสัญลักษณ์นำโชคที่ดีต่อธุรกิจ หากนำไว้ที่ทำงานจะบ่งบอกถึงความยิ่งใหญ่ อำนาจ บารมี ความมั่งคั่ง พลานามัยที่สมบูรณ์\r\n•	ม้า =ม้าเป็นสัญลักษณ์ของขุนนาง ชนชั้นสูง และวิถีชีวิตที่สุขสบาย\r\n•	ปลา= ปลาเป็นสัญลักษณ์ของความมั่งคั่ง ความปรารถนาจะได้ผลกำไรหรือประโยชน์จากการทำธุรกิจ\r\n\r\n', '71', '82256241420220216_203003.png', '156802514120220216_203003.png', '182422355520220216_203003.png', '163315394220220216_203003.png', 4, 49, 'kaifaro', '2022-02-16 20:31:12', '', '2022-02-18 11:59:57'),
(5, 1, 31, 'SHARP เตาอบไมโครเวฟ ', 'SHARP เตาอบไมโครเวฟ 22 ลิตร รุ่น R-220 (White)', 'รายละเอียดสินค้า SHARP เตาอบไมโครเวฟ 22 ลิตร รุ่น R-220 (White)\r\n•	ความจุ 22 ลิตร\r\n•	เลือกระดับความร้อนได้ 5 ระดับ\r\n•	แรงดันไฟฟ้า 220 วัตต์\r\n•	ตั้งเวลาในการปรุงอาหารได้ตั้งแต่ 15 วินาที ถึง 30นาที\r\n•	ควบคุมการทำงานด้วยระบบ Jog Dial\r\n', '1990', '2968251420220216_203306.png', '205460130720220216_203306.png', '89153509520220216_203306.png', '154203319220220216_203306.png', 1, 47, NULL, '0000-00-00 00:00:00', '', '2022-02-18 11:59:48'),
(6, 1, 31, 'กระทะ Non Stick ', 'กระทะ Non Stick ขนาด 32 CM. ใช้กับเตาแม่เหล็กไฟฟ้าได้', 'รายละเอียดสินค้า กระทะ Non Stick ขนาด 32 CM. ใช้กับเตาแม่เหล็กไฟฟ้าได้\r\n•	➤ คุณสมบัติ➦ ตัวกระทะผลิตจากเหล็กเคลือบอลูมิเนียม ช่วยให้กระทะแข็งแรง มีความทนทานสูง ป้องกันการบิดเบี้ยว➦ เคลือบด้วยผงเพชร 3 ชั้น ช่วยป้องกันการขูดขีด การเกิดสนิม และการสะสมของเชื้อแบคทีเรีย➦ ขนาด : 32 cm.\r\n', '199', '66837615120220216_203411.png', '129214508920220216_203411.png', '186667578420220216_203411.png', '172654660820220216_203411.png', 3, 46, NULL, '0000-00-00 00:00:00', '', '2022-02-18 11:59:36'),
(7, 1, 34, 'นาฬิกา Casio G - Shock ', 'นาฬิกา Casio G - Shock กีฬากลางแจ้งแฟชั่นกันน้ํา ผู้ชายที่ดู GA-100B-4A ดับเบิล', 'รายละเอียดสินค้า นาฬิกา Casio G - Shock กีฬากลางแจ้งแฟชั่นกันน้ํา ผู้ชายที่ดู GA-100B-4A ดับเบิล\r\n•	Mineral Glass\r\n•	Magnetic Resistant\r\n•	Shock Resistant\r\n•	200-meter water resistance\r\n•	Case / bezel material: Resin\r\n•	Resin Band\r\n', '3999', '87292613520220216_204002.png', '73121901820220216_204002.png', '11372294820220216_204002.png', '162890224220220216_204002.png', 0, 47, NULL, '0000-00-00 00:00:00', '', '2022-02-17 11:22:03');

-- --------------------------------------------------------

--
-- Table structure for table `tbl_prd_type`
--

CREATE TABLE `tbl_prd_type` (
  `t_id` int(11) NOT NULL,
  `t_name` varchar(255) NOT NULL
) ENGINE=InnoDB DEFAULT CHARSET=utf8;

--
-- Dumping data for table `tbl_prd_type`
--

INSERT INTO `tbl_prd_type` (`t_id`, `t_name`) VALUES
(1, 'Computer'),
(2, 'เครื่องใช้ไฟฟ้าในบ้าน'),
(27, 'กระเป๋า'),
(29, 'Game'),
(30, 'เครื่องมือช่าง'),
(31, 'เครื่องครัว'),
(34, 'เครื่องประดับ');

-- --------------------------------------------------------

--
-- Table structure for table `tbl_prd_update_log`
--

CREATE TABLE `tbl_prd_update_log` (
  `lid` int(11) NOT NULL,
  `ref_p_id` int(11) NOT NULL,
  `ref_m_id` int(11) NOT NULL,
  `l_date_save` timestamp NOT NULL DEFAULT current_timestamp()
) ENGINE=InnoDB DEFAULT CHARSET=utf8 COMMENT='เก็บประวัติผู้แก้ไขสินค้า';

--
-- Dumping data for table `tbl_prd_update_log`
--

INSERT INTO `tbl_prd_update_log` (`lid`, `ref_p_id`, `ref_m_id`, `l_date_save`) VALUES
(1, 1, 18, '2022-01-21 13:20:31'),
(2, 1, 18, '2022-01-21 13:21:26'),
(3, 1, 13, '2022-01-21 13:37:24'),
(4, 2, 18, '2022-01-21 14:07:23'),
(5, 1, 18, '2022-01-21 15:41:40'),
(6, 3, 18, '2022-01-21 15:42:00'),
(7, 2, 1, '2022-01-27 15:20:05'),
(8, 5, 1, '2022-01-28 04:05:39'),
(9, 5, 1, '2022-01-28 04:09:41'),
(10, 5, 1, '2022-01-28 04:10:14'),
(11, 2, 1, '2022-01-28 04:12:56'),
(12, 1, 1, '2022-01-28 04:13:27'),
(13, 4, 1, '2022-01-28 08:52:39'),
(14, 3, 1, '2022-01-28 09:08:01'),
(15, 6, 1, '2022-01-28 10:21:33'),
(16, 6, 1, '2022-01-28 10:27:55'),
(17, 6, 1, '2022-01-28 11:08:33'),
(18, 4, 1, '2022-01-28 14:29:21'),
(19, 4, 1, '2022-01-28 14:30:00'),
(20, 3, 1, '2022-01-28 14:30:35'),
(21, 3, 1, '2022-01-28 14:35:51'),
(22, 4, 1, '2022-01-28 14:36:23'),
(23, 4, 1, '2022-01-28 15:25:42'),
(24, 2, 1, '2022-01-28 15:53:43'),
(25, 2, 1, '2022-01-28 16:29:05'),
(26, 7, 1, '2022-02-03 12:29:21'),
(27, 7, 1, '2022-02-03 12:32:32'),
(28, 1, 1, '2022-02-03 15:22:27'),
(29, 6, 1, '2022-02-03 16:08:47'),
(30, 2, 1, '2022-02-03 16:09:08'),
(31, 2, 1, '2022-02-04 04:48:57'),
(32, 2, 1, '2022-02-04 04:53:48'),
(33, 2, 1, '2022-02-04 04:54:30'),
(34, 24, 1, '2022-02-04 17:13:10'),
(35, 24, 1, '2022-02-04 17:13:47'),
(36, 17, 1, '2022-02-07 13:43:40'),
(37, 4, 1, '2022-02-16 13:31:21');

--
-- Indexes for dumped tables
--

--
-- Indexes for table `admin`
--
ALTER TABLE `admin`
  ADD PRIMARY KEY (`id`);

--
-- Indexes for table `order_detail`
--
ALTER TABLE `order_detail`
  ADD PRIMARY KEY (`d_id`);

--
-- Indexes for table `order_head`
--
ALTER TABLE `order_head`
  ADD PRIMARY KEY (`o_id`);

--
-- Indexes for table `tbl_bank`
--
ALTER TABLE `tbl_bank`
  ADD PRIMARY KEY (`bid`);

--
-- Indexes for table `tbl_comment`
--
ALTER TABLE `tbl_comment`
  ADD PRIMARY KEY (`c_id`);

--
-- Indexes for table `tbl_counter`
--
ALTER TABLE `tbl_counter`
  ADD PRIMARY KEY (`c_id`);

--
-- Indexes for table `tbl_login_log`
--
ALTER TABLE `tbl_login_log`
  ADD PRIMARY KEY (`log_id`);

--
-- Indexes for table `tbl_member`
--
ALTER TABLE `tbl_member`
  ADD PRIMARY KEY (`m_id`);

--
-- Indexes for table `tbl_prd`
--
ALTER TABLE `tbl_prd`
  ADD PRIMARY KEY (`p_id`);

--
-- Indexes for table `tbl_prd_type`
--
ALTER TABLE `tbl_prd_type`
  ADD PRIMARY KEY (`t_id`);

--
-- Indexes for table `tbl_prd_update_log`
--
ALTER TABLE `tbl_prd_update_log`
  ADD PRIMARY KEY (`lid`);

--
-- AUTO_INCREMENT for dumped tables
--

--
-- AUTO_INCREMENT for table `admin`
--
ALTER TABLE `admin`
  MODIFY `id` int(11) NOT NULL AUTO_INCREMENT, AUTO_INCREMENT=2;

--
-- AUTO_INCREMENT for table `order_detail`
--
ALTER TABLE `order_detail`
  MODIFY `d_id` int(10) NOT NULL AUTO_INCREMENT, AUTO_INCREMENT=13;

--
-- AUTO_INCREMENT for table `order_head`
--
ALTER TABLE `order_head`
  MODIFY `o_id` int(10) NOT NULL AUTO_INCREMENT, AUTO_INCREMENT=11;

--
-- AUTO_INCREMENT for table `tbl_bank`
--
ALTER TABLE `tbl_bank`
  MODIFY `bid` int(11) NOT NULL AUTO_INCREMENT, AUTO_INCREMENT=6;

--
-- AUTO_INCREMENT for table `tbl_comment`
--
ALTER TABLE `tbl_comment`
  MODIFY `c_id` int(11) NOT NULL AUTO_INCREMENT, AUTO_INCREMENT=6;

--
-- AUTO_INCREMENT for table `tbl_counter`
--
ALTER TABLE `tbl_counter`
  MODIFY `c_id` int(11) NOT NULL AUTO_INCREMENT, AUTO_INCREMENT=926;

--
-- AUTO_INCREMENT for table `tbl_login_log`
--
ALTER TABLE `tbl_login_log`
  MODIFY `log_id` int(11) NOT NULL AUTO_INCREMENT, AUTO_INCREMENT=83;

--
-- AUTO_INCREMENT for table `tbl_member`
--
ALTER TABLE `tbl_member`
  MODIFY `m_id` int(11) NOT NULL AUTO_INCREMENT, AUTO_INCREMENT=21;

--
-- AUTO_INCREMENT for table `tbl_prd`
--
ALTER TABLE `tbl_prd`
  MODIFY `p_id` int(11) NOT NULL AUTO_INCREMENT, AUTO_INCREMENT=8;

--
-- AUTO_INCREMENT for table `tbl_prd_type`
--
ALTER TABLE `tbl_prd_type`
  MODIFY `t_id` int(11) NOT NULL AUTO_INCREMENT, AUTO_INCREMENT=35;

--
-- AUTO_INCREMENT for table `tbl_prd_update_log`
--
ALTER TABLE `tbl_prd_update_log`
  MODIFY `lid` int(11) NOT NULL AUTO_INCREMENT, AUTO_INCREMENT=38;
COMMIT;

/*!40101 SET CHARACTER_SET_CLIENT=@OLD_CHARACTER_SET_CLIENT */;
/*!40101 SET CHARACTER_SET_RESULTS=@OLD_CHARACTER_SET_RESULTS */;
/*!40101 SET COLLATION_CONNECTION=@OLD_COLLATION_CONNECTION */;
